id,,
P169758,,
P158372,,
P168153,,
P171220,,
P170824,,
P159292,,
P166955,,
P165129,,
P164031,,
P161779,,
P168014,,
P162436,,
P164736,,
P160352,,
P167950,,
P168310,,
P167956,,
P167407,,
P165945,,
P169258,,
P167786,,
P167634,,
P164439,,
P166279,,
P169324,,
P168176,,
P170085,,
P163533,,
P165289,,
P170783,,
P167945,,
P167455,,
P165731,,
P168940,,
P165873,,
P169053,,
P162697,,
P168910,,
P165682,,
P165598,,
P163497,,
P170382,,
P168692,,
P168385,,
P168208,,
P167412,,
P165632,,
P165232,,
P165152,,
P163068,,
P169760,,
P169587,,
P169412,,
P168732,,
P167468,,
P165481,,
P164367,,
P160021,,
P169730,,
P168082,,
P167991,,
P165884,,
P165734,,
P165429,,
P165427,,
P169787,,
P158765,,
P165659,,
P165512,,
P164509,,
P163474,,
P163123,,
P165601,,
P164232,,
P168033,,
P163956,,
P163411,,
P165228,,
P162303,,
P166941,,
P164336,,
P169329,,
P168375,,
P165855,,
P165418,,
P169514,,
P167105,,
P164656,,
P164756,,
P167219,,
P165966,,
P164506,,
P160221,,
P165766,,
P145721,,
P166305,,
P163742,,
P166133,,
P163028,,
P163264,,
P160983,,
P160540,,
P160945,,
P165210,,
P164486,,
P167111,,
P163260,,
P161246,,
P147120,,
P167939,,
P164863,,
P163213,,
P160463,,
P166945,,
P165911,,
P165793,,
P164443,,
P164024,,
P164541,,
P165909,,
P164319,,
P166709,,
P164520,,
P154362,,
P163737,,
P162187,,
P153444,,
P163923,,
P162888,,
P164326,,
P164052,,
P164467,,
P166049,,
P165015,,
P164431,,
P162998,,
P161932,,
P161523,,
P161066,,
P158578,,
P163054,,
P162729,,
P162185,,
P161007,,
P166273,,
P164567,,
P164195,,
P164097,,
P162652,,
P162523,,
P162413,,
P161550,,
P151201,,
P161293,,
P164896,,
P162974,,
P162091,,
P163138,,
P159984,,
P165059,,
P160145,,
P128321,,
P165656,,
P160470,,
P153071,,
P162191,,
P165647,,
P160772,,
P162905,,
P162525,,
P158777,,
P162453,,
P164457,,
P161876,,
P159052,,
P162316,,
P160111,,
P159533,,
P160058,,
P159594,,
P162956,,
P162318,,
P166745,,
P161473,,
P161549,,
P166328,,
P158810,,
P164445,,
P160212,,
P159853,,
P159835,,
P166455,,
P162793,,
P162038,,
P159856,,
P159851,,
P161298,,
P161296,,
P158564,,
P165551,,
P162908,,
P160641,,
P160408,,
P164424,,
P164226,,
P161256,,
P160413,,
P161944,,
P133691,,
P150967,,
P162130,,
P163017,,
P159500,,
P158346,,
P154806,,
P163356,,
P162446,,
P158499,,
P147009,,
P159382,,
P158153,,
P156797,,
P158522,,
P157702,,
P163444,,
P157736,,
P163525,,
P158997,,
P147158,,
P155081,,
P162352,,
P155031,,
P163083,,
P163258,,
P162397,,
P155617,,
P153115,,
P151072,,
P162659,,
P159476,,
P159979,,
P133833,,
P163190,,
P163188,,
P163144,,
P162618,,
P159502,,
P152866,,
P162698,,
P162519,,
P160761,,
P160539,,
P159737,,
P160638,,
P156616,,
P162084,,
P161004,,
P156684,,
P163263,,
P162988,,
P161646,,
P160644,,
P153613,,
P162828,,
P162758,,
P161837,,
P158357,,
P148921,,
P161300,,
P157319,,
P157316,,
P163081,,
P160606,,
P154719,,
P153042,,
P161247,,
P159465,,
P163748,,
P144868,,
P159720,,
P158798,,
P158958,,
P158434,,
P158086,,
P155679,,
P143795,,
P161781,,
P163559,,
P161490,,
P157521,,
P156964,,
P158710,,
P155513,,
P144787,,
P125356,,
P160077,,
P160029,,
P159637,,
P159760,,
P158532,,
P150649,,
P158565,,
P154777,,
P148031,,
P162244,,
P160570,,
P154698,,
P148616,,
P159037,,
P158057,,
P161000,,
P154784,,
P153541,,
P158983,,
P127300,,
P158359,,
P153386,,
P153892,,
P159499,,
P161447,,
P158214,,
P155412,,
P150369,,
P154908,,
P155541,,
P157104,,
P158258,,
P149000,,
P159115,,
P146252,,
P153349,,
P160179,,
P157765,,
P154447,,
P149620,,
P148933,,
P143778,,
P158058,,
P157997,,
P155040,,
P154471,,
P153669,,
P147727,,
P147664,,
P159576,,
P159460,,
P158514,,
P157033,,
P156940,,
P156019,,
P154039,,
P153476,,
P156291,,
P155769,,
P153531,,
P153329,,
P132432,,
P132359,,
P132701,,
P158342,,
P156681,,
P143307,,
P157524,,
P152510,,
P151869,,
P150895,,
P158588,,
P158438,,
P128708,,
P155811,,
P159542,,
P158535,,
P152624,,
P157282,,
P154462,,
P151744,,
P153420,,
P146900,,
P155809,,
P158056,,
P150631,,
P158265,,
P151329,,
P145224,,
P151031,,
P159719,,
P156941,,
P155973,,
P151469,,
P133068,,
P125728,,
P153633,,
P130266,,
P144951,,
P151319,,
P145701,,
P153437,,
P152101,,
P157189,,
P131046,,
P152870,,
P154171,,
P154111,,
P147595,,
P154104,,
P147976,,
P146159,,
P151245,,
P151331,,
P149907,,
P145591,,
P129951,,
P150261,,
P147192,,
P147191,,
P147190,,
P147188,,
P147186,,
P148737,,
P153435,,
P149691,,
P151330,,
P149478,,
P148859,,
P151328,,
P143104,,
P154854,,
P153783,,
P147420,,
P151963,,
P153713,,
P150958,,
P149140,,
P148791,,
P148649,,
P145609,,
P145055,,
P155429,,
P154004,,
P149136,,
P143153,,
P155039,,
P153006,,
P155029,,
P151946,,
P148140,,
P147594,,
P130366,,
P127545,,
P133326,,
P132987,,
P132061,,
P144752,,
P122280,,
P119965,,
P116615,,
P113767,,
P143109,,
P148139,,
P132953,,
P154402,,
P106685,,
P151084,,
P150189,,
P146281,,
P132095,,
P149553,,
P133586,,
P145838,,
P144862,,
P147674,,
P152024,,
P154238,,
P132863,,
P118371,,
P148378,,
P155387,,
P155386,,
P155385,,
P127103,,
P132864,,
P130185,,
P144254,,
P124627,,
P147629,,
P154355,,
P129610,,
P145245,,
P147749,,
P145598,,
P145248,,
P145037,,
P148591,,
P146930,,
P129047,,
P144231,,
P130666,,
P145813,,
P149605,,
P130814,,
P144497,,
P128675,,
P130924,,
P148733,,
P132861,,
P130376,,
P148075,,
P148809,,
P122884,,
P122351,,
P122348,,
P147755,,
P132244,,
P145621,,
P145587,,
P146267,,
P124479,,
P125103,,
P119626,,
P149286,,
P144031,,
P128735,,
P147323,,
P152210,,
P143608,,
P129345,,
P132623,,
P143688,,
P147588,,
P150266,,
P132199,,
P147732,,
P133052,,
P143676,,
P143674,,
P148927,,
P144994,,
P149948,,
P143108,,
P148101,,
P150006,,
P151215,,
P148886,,
P145419,,
P148114,,
P133261,,
P130593,,
P143417,,
P133628,,
P144531,,
P132424,,
P132317,,
P148681,,
P145732,,
P145125,,
P132739,,
P145162,,
P151751,,
P151633,,
P145730,,
P143504,,
P128307,,
P147902,,
P131295,,
P115041,,
P148962,,
P143732,,
P123711,,
P147641,,
P143675,,
P143673,,
P149305,,
P147157,,
P147490,,
P130971,,
P144890,,
P132256,,
P145085,,
P149141,,
P124159,,
P133705,,
P129060,,
P125733,,
P147978,,
P133703,,
P132652,,
P121099,,
P148571,,
P113629,,
P130893,,
P145029,,
P132491,,
P126086,,
P121101,,
P118563,,
P149529,,
P131235,,
P129494,,
P126040,,
P128831,,
P147605,,
P148964,,
P129408,,
P125024,,
P120695,,
P149700,,
P145339,,
P133737,,
P149512,,
P133251,,
P146003,,
P147514,,
P147511,,
P147510,,
P147509,,
P147508,,
P113763,,
P111844,,
P106186,,
P145420,,
P145777,,
P145627,,
P145380,,
P148698,,
P122133,,
P120583,,
P133393,,
P127815,,
P127775,,
P125496,,
P144474,,
P125867,,
P147543,,
P130271,,
P124018,,
P148805,,
P131013,,
P147000,,
P130276,,
P148504,,
P132140,,
P122977,,
P130001,,
P130161,,
P145772,,
P145557,,
P125666,,
P145938,,
P124719,,
P122812,,
P132653,,
P130560,,
P130640,,
P130576,,
P143367,,
P116069,,
P127404,,
P119308,,
P132457,,
P127619,,
P145160,,
P130788,,
P130012,,
P129253,,
P127756,,
P122160,,
P118736,,
P128306,,
P126452,,
P132866,,
P130721,,
P144535,,
P144529,,
P131285,,
P120397,,
P131121,,
P123948,,
P131537,,
P124720,,
P130383,,
P128303,,
P125964,,
P143079,,
P130662,,
P132306,,
P125671,,
P129489,,
P143670,,
P133572,,
P143841,,
P123325,,
P127801,,
P144735,,
P130873,,
P126628,,
P127822,,
P143202,,
P094183,,
P129774,,
P144462,,
P143833,,
P117601,,
P128905,,
P127486,,
P144338,,
P144283,,
P130835,,
P119731,,
P103600,,
P128659,,
P130568,,
P129688,,
P132558,,
P130623,,
P104901,,
P133238,,
P128304,,
P132798,,
P126684,,
P132838,,
P132780,,
P127743,,
P123820,,
P130944,,
P126962,,
P130412,,
P122486,,
P121116,,
P128309,,
P128994,,
P117243,,
P127211,,
P113196,,
P131760,,
P125662,,
P123262,,
P122917,,
P119358,,
P113336,,
P112910,,
P127757,,
P122191,,
P120550,,
P119545,,
P130545,,
P127954,,
P121280,,
P121674,,
P130135,,
P130089,,
P126658,,
P130396,,
P122778,,
P124207,,
P118789,,
P130515,,
P123313,,
P113273,,
P126784,,
P121368,,
P130546,,
P127360,,
P129565,,
P117357,,
P131019,,
P126576,,
P122808,,
P143329,,
P121291,,
P126695,,
P126195,,
P124234,,
P119165,,
P118518,,
P125726,,
P143192,,
P119160,,
P130536,,
P130506,,
P129168,,
P126833,,
P121167,,
P128217,,
P117899,,
P128141,,
P114930,,
P113700,,
P113180,,
P115351,,
P124614,,
P128576,,
P114264,,
P125999,,
P107648,,
P119526,,
P129686,,
P120139,,
P126440,,
P118751,,
P130024,,
P122123,,
P126068,,
P128744,,
P104866,,
P119104,,
P116442,,
P112065,,
P127176,,
P130418,,
P120411,,
P122230,,
P122228,,
P122227,,
P122212,,
P118482,,
P117445,,
P121710,,
P118905,,
P102330,,
P125484,,
P123894,,
P108874,,
P126744,,
P108500,,
P127507,,
P126840,,
P124181,,
P119432,,
P124732,,
P118486,,
P119166,,
P107956,,
P125439,,
P128143,,
P125974,,
P121282,,
P123457,,
P125720,,
P121222,,
P107137,,
P106700,,
P116598,,
P107993,,
P104164,,
P124801,,
P122858,,
P122792,,
P120713,,
P119687,,
P118838,,
P118796,,
P114916,,
P114239,,
P112421,,
P110408,,
P099155,,
P125381,,
P121196,,
P120701,,
P119600,,
P112575,,
P102871,,
P119846,,
P115676,,
P125471,,
P120702,,
P109101,,
P107912,,
P125440,,
P114210,,
P112149,,
P118631,,
P117355,,
P112526,,
P115519,,
P126382,,
P127007,,
P115197,,
P118654,,
P118650,,
P117322,,
P124278,,
P118753,,
P117063,,
P122796,,
P125256,,
P112623,,
P111794,,
P117081,,
P125585,,
P122143,,
P102530,,
P123392,,
P124088,,
P118552,,
P118045,,
P124785,,
P102459,,
P126018,,
P125478,,
P121902,,
P116127,,
P125608,,
P100393,,
P118721,,
P122065,,
P120028,,
P115886,,
P118307,,
P112045,,
P116557,,
P125593,,
P107898,,
P120398,,
P122095,,
P123567,,
P124773,,
P124768,,
P124354,,
P102329,,
P124075,,
P119140,,
P124429,,
P120720,,
P121809,,
P121914,,
P119081,,
P128911,,
P125076,,
P124624,,
P124107,,
P107668,,
P107798,,
P119594,,
P121908,,
P116319,,
P123495,,
P121472,,
P122241,,
P111509,,
P117148,,
P113032,,
P107919,,
P106075,,
P106071,,
P088600,,
P120836,,
P115722,,
P121915,,
P121913,,
P115663,,
P118540,,
P121899,,
P122601,,
P107884,,
P118800,,
P114933,,
P112987,,
P124947,,
P121475,,
P118740,,
P109737,,
P114011,,
P117337,,
P121956,,
P118097,,
P121374,,
P114300,,
P111720,,
P111113,,
P119777,,
P116711,,
P112046,,
P103132,,
P073886,,
P109224,,
P108886,,
P121270,,
P116000,,
P112568,,
P086660,,
P118510,,
P115286,,
P101844,,
P099751,,
P091979,,
P122003,,
P121859,,
P110147,,
P099709,,
P095091,,
P120930,,
P113997,,
P118139,,
P103922,,
P100455,,
P120538,,
P108443,,
P115200,,
P101716,,
P120052,,
P114375,,
P119167,,
P110959,,
P107343,,
P120909,,
P091659,,
P101265,,
P113493,,
P117100,,
P092724,,
P116701,,
P116687,,
P116686,,
P116685,,
P099267,,
P121317,,
P104687,,
P119736,,
P118752,,
P110407,,
P120471,,
P116302,,
P120214,,
P113940,,
P114129,,
P118211,,
P112050,,
P105579,,
P120118,,
P119590,,
P119642,,
P117169,,
P108881,,
P119892,,
P106776,,
P118821,,
P114931,,
P119152,,
P118870,,
P112994,,
P120628,,
P116688,,
P121203,,
P113715,,
P107913,,
P102789,,
P111199,,
P121202,,
P114236,,
P109869,,
P107723,,
P115414,,
P115226,,
P112992,,
P102781,,
P117593,,
P115539,,
P117010,,
P090723,,
P096836,,
P101508,,
P087145,,
P105122,,
P110988,,
P117748,,
P116642,,
P108144,,
P115953,,
P112060,,
P110062,,
P117212,,
P110617,,
P110588,,
P117203,,
P117299,,
P114850,,
P114208,,
P112033,,
P111921,,
P110106,,
P105577,,
P109888,,
P105764,,
P102795,,
P099610,,
P098755,,
P090940,,
P113183,,
P104935,,
P114693,,
P113623,,
P107875,,
P102331,,
P105296,,
P103792,,
P110072,,
P113027,,
P112635,,
P113634,,
P109730,,
P112688,,
P109683,,
P114291,,
P116560,,
P105075,,
P087140,,
P101358,,
P109079,,
P096442,,
P107955,,
P112883,,
P113320,,
P116064,,
P110602,,
P107473,,
P102460,,
P094654,,
P111863,,
P095210,,
P115710,,
P112667,,
P111148,,
P115690,,
P116130,,
P115768,,
P108766,,
P106261,,
P116176,,
P114108,,
P104668,,
P114775,,
P099128,,
P096648,,
P114617,,
P105576,,
P105574,,
P105572,,
P108505,,
P107146,,
P105881,,
P114274,,
P113156,,
P115037,,
P112684,,
P110573,,
P096556,,
P114965,,
P109927,,
P104752,,
P088887,,
P112579,,
P113374,,
P111984,,
P105302,,
P100892,,
P113586,,
P114912,,
P114893,,
P110255,,
P106684,,
P110614,,
P108885,,
P113468,,
P113268,,
P113218,,
P093777,,
P107841,,
P113222,,
P093699,,
P093478,,
P112600,,
P111667,,
P110004,,
P096572,,
P112691,,
P108646,,
P108567,,
P107716,,
P107391,,
P107151,,
P104417,,
P102131,,
P094122,,
P087458,,
P112414,,
P112413,,
P111489,,
P108968,,
P107917,,
P103339,,
P090737,,
P104102,,
P099611,,
P106671,,
P105256,,
P105176,,
P101202,,
P096650,,
P111033,,
P100666,,
P108944,,
P110940,,
P110207,,
P101607,,
P101209,,
P087716,,
P111607,,
P110712,,
P106998,,
P112186,,
P112157,,
P105567,,
P109126,,
P111570,,
P103098,,
P102675,,
P111306,,
P111980,,
P108932,,
P105951,,
P100916,,
P108487,,
P106073,,
P106072,,
P084787,,
P102628,,
P110098,,
P102452,,
P109932,,
P103864,,
P105046,,
P096993,,
P111337,,
P111353,,
P108906,,
P088271,,
P106415,,
P111191,,
P108565,,
P107909,,
P095169,,
P100084,,
P110520,,
P111187,,
P110541,,
P110242,,
P083997,,
P084078,,
P109812,,
P101546,,
P088799,,
P109600,,
P101273,,
P101298,,
P096558,,
P105362,,
P079140,,
P095686,,
P105860,,
P099296,,
P100638,,
P107894,,
P104786,,
P087925,,
P105666,,
P105076,,
P090506,,
P096422,,
P101507,,
P040712,,
P107918,,
P101955,,
P098040,,
P104567,,
P105649,,
P102446,,
P105300,,
P103634,,
P102150,,
P101963,,
P100224,,
P099955,,
P099037,,
P096253,,
P087030,,
P084997,,
P105707,,
P105554,,
P105297,,
P102125,,
P096627,,
P094340,,
P090527,,
P105569,,
P105298,,
P101212,,
P106055,,
P095124,,
P091147,,
P105056,,
P101388,,
P098993,,
P101213,,
P101904,,
P090734,,
P098441,,
P085714,,
P101389,,
P090764,,
P087891,,
P100347,,
P095251,,
P095214,,
P098889,,
P101373,,
P105155,,
P104783,,
P096105,,
P104304,,
P105553,,
P103586,,
P091126,,
P102805,,
P100938,,
P080585,,
P103496,,
P079165,,
P106012,,
P102807,,
P094084,,
P093130,,
P104932,,
P074106,,
P084967,,
P105661,,
P064918,,
P104781,,
P104573,,
P092806,,
P105443,,
P090503,,
P104933,,
P092877,,
P083742,,
P105260,,
P096426,,
P096569,,
P102316,,
P098268,,
P090768,,
P103534,,
P086978,,
P091261,,
P091889,,
P103495,,
P095346,,
P104208,,
P082651,,
P102524,,
P103965,,
P074086,,
P101912,,
P103978,,
P103487,,
P101879,,
P095319,,
P071495,,
P102485,,
P102842,,
P099220,,
P100762,,
P098133,,
P101359,,
P092636,,
P089259,,
P091861,,
P098152,,
P097247,,
P090939,,
P099605,,
P091917,,
P090941,,
P090234,,
P088691,,
P083842,,
P099816,,
P091803,,
P090761,,
P099707,,
P091946,,
P090887,,
P081255,,
P079302,,
P090757,,
P097173,,
P096127,,
P090512,,
P081297,,
P079275,,
P093165,,
P081567,,
P073493,,
P101027,,
P090977,,
P090877,,
P090758,,
P085047,,
P096502,,
P096541,,
P085752,,
P083045,,
P093452,,
P096671,,
P079613,,
P100791,,
P089289,,
P093622,,
P096126,,
P094003,,
P098947,,
P098256,,
P091349,,
P083795,,
P070063,,
P089047,,
P089046,,
P092735,,
P090287,,
P099505,,
P100082,,
P089965,,
P087449,,
P094321,,
P090963,,
P096676,,
P094004,,
P098417,,
P083609,,
P073020,,
P070656,,
P096673,,
P091715,,
P099090,,
P095088,,
P090080,,
P099335,,
P096047,,
P091769,,
P091595,,
P092791,,
P078401,,
P093720,,
P087249,,
P099368,,
P091826,,
P087046,,
P084148,,
P094996,,
P085058,,
P098946,,
P098864,,
P040653,,
P084109,,
P090290,,
P096907,,
P093787,,
P082545,,
P091514,,
P090005,,
P092680,,
P093640,,
P091831,,
P088732,,
P079708,,
P087011,,
P081704,,
P095844,,
P095688,,
P095551,,
P086730,,
P096045,,
P095610,,
P094065,,
P089974,,
P089969,,
P088692,,
P087627,,
P086920,,
P086337,,
P084934,,
P082167,,
P084081,,
P086638,,
P093528,,
P084899,,
P084898,,
P091997,,
P085141,,
P071094,,
P091225,,
P090759,,
P089261,,
P089061,,
P082375,,
P074019,,
P070653,,
P082205,,
P092635,,
P083175,,
P075345,,
P083839,,
P083051,,
P090936,,
P090106,,
P086350,,
P085943,,
P089712,,
P078544,,
P095882,,
P092733,,
P091076,,
P089694,,
P069862,,
P049721,,
P089697,,
P093850,,
P089714,,
P099893,,
P088554,,
P088507,,
P084986,,
P082588,,
P094314,,
P088828,,
P086953,,
P087150,,
P085351,,
P083538,,
P072981,,
P089704,,
P089208,,
P095615,,
P084389,,
P079171,,
P081822,,
P079029,,
P093007,,
P089703,,
P094195,,
P084792,,
P077628,,
P049724,,
P092759,,
P089705,,
P094077,,
P092450,,
P091868,,
P086949,,
P086480,,
P091649,,
P086979,,
P090571,,
P086227,,
P087548,,
P090740,,
P082407,,
P076095,,
P085815,,
P083363,,
P078300,,
P088362,,
P085981,,
P064558,,
P091867,,
P087823,,
P077039,,
P085838,,
P084007,,
P081350,,
P077740,,
P088206,,
P086340,,
P084462,,
P080072,,
P077430,,
P086747,,
P075184,,
P079034,,
P082629,,
P088673,,
P082396,,
P081159,,
P077454,,
P084894,,
P088787,,
P087382,,
P079936,,
P078476,,
P088665,,
P086375,,
P085729,,
P081697,,
P089019,,
P088789,,
P078997,,
P078550,,
P077498,,
P085275,,
P077272,,
P088660,,
P078291,,
P088262,,
P088634,,
P088678,,
P087376,,
P081683,,
P082425,,
P080739,,
P075247,,
P082811,,
P084905,,
P083081,,
P088322,,
P075069,,
P087309,,
P087379,,
P080012,,
P087301,,
P075995,,
P055991,,
P084870,,
P085734,,
P081239,,
P077461,,
P081001,,
P079636,,
P079320,,
P079163,,
P063622,,
P074266,,
P079750,,
P085319,,
P092492,,
P082264,,
P080524,,
P085306,,
P079611,,
P085315,,
P080741,,
P080056,,
P085303,,
P085307,,
P085309,,
P085299,,
P077553,,
P075049,,
P078511,,
P077615,,
P085292,,
P075339,,
P084927,,
P085276,,
P079865,,
P074681,,
P083050,,
P082420,,
P082402,,
P079718,,
P076629,,
P074420,,
P083259,,
P077916,,
P072196,,
P082355,,
P082326,,
P082324,,
P081087,,
P079360,,
P075006,,
P035777,,
P081437,,
P078058,,
P079614,,
P071575,,
P050322,,
P069124,,
P079765,,
P080534,,
P067103,,
P079763,,
P075915,,
P075540,,
P079629,,
P076365,,
P083489,,
P076784,,
P076467,,
P081786,,
P081773,,
P055434,,
P079702,,
P077281,,
P074075,,
P073174,,
P079655,,
P092314,,
P074698,,
P074941,,
P080368,,
P077276,,
P072317,,
P078086,,
P077249,,
P074142,,
P077238,,
P073517,,
P077097,,
P075871,,
P077837,,
P077624,,
P077371,,
P044800,,
P092308,,
P077798,,
P077780,,
P077690,,
P075694,,
P075239,,
P069994,,
P077391,,
P075050,,
P076961,,
P074823,,
P074662,,
P076724,,
P075187,,
P071375,,
P076706,,
P057847,,
P071437,,
P077043,,
P074768,,
P077270,,
P076778,,
P074511,,
P078137,,
P043869,,
P071021,,
P070723,,
P069818,,
P070675,,
P050647,,
P072503,,
P006572,,
P046043,,
P035630,,
P077734,,
P058338,,
P073911,,
P067807,,
P073169,,
P070286,,
P073988,,
P092317,,
P057926,,
P005750,,
P067216,,
P064021,,
P071444,,
P051922,,
P067810,,
P073307,,
P054736,,
P072427,,
P056978,,
P092273,,
P064965,,
P056891,,
P073546,,
P044695,,
P062632,,
P073035,,
P073387,,
P057893,,
P000968,,
P067804,,
P058299,,
P092272,,
P058699,,
P071065,,
P070533,,
P058730,,
P065715,,
P050734,,
P043882,,
P057530,,
P047690,,
P057031,,
P058468,,
P090425,,
P058038,,
P060558,,
P092493,,
P064585,,
P046564,,
P057925,,
P053832,,
P041264,,
P048892,,
P055388,,
P002367,,
P072433,,
P065150,,
P061559,,
P092278,,
P092306,,
P049665,,
P048505,,
P005519,,
P048412,,
P045348,,
P048851,,
P037588,,
P092301,,
P061032,,
P056914,,
P048172,,
P004844,,
P049700,,
P059925,,
P053243,,
P048835,,
P092336,,
P003331,,
P060834,,
P040721,,
P010561,,
P007711,,
P051610,,
P004839,,
P002891,,
P048026,,
P039171,,
P006041,,
P092291,,
P000296,,
P044310,,
P001875,,
P003590,,
P070043,,
P043873,,
P045318,,
P043724,,
P007398,,
P007700,,
P001354,,
P042442,,
P009113,,
P046871,,
P046870,,
P003638,,
P008513,,
P044597,,
P037582,,
P008271,,
P003563,,
P001081,,
P044394,,
P003649,,
P008335,,
P008403,,
P004008,,
P009484,,
P092286,,
P044260,,
P006040,,
P035603,,
P010476,,
P000752,,
P002356,,
P001755,,
P009122,,
P009117,,
P005720,,
P001563,,
P003972,,
P006880,,
P008222,,
P007928,,
P000501,,
P092422,,
P039887,,
P039870,,
P005310,,
P007607,,
P001193,,
P090383,,
P005493,,
P005157,,
P001864,,
P003593,,
P003595,,
P004329,,
P035712,,
P034140,,
P005499,,
P001751,,
P005486,,
P005721,,
P002243,,
P008842,,
P008256,,
P003627,,
P001660,,
P009961,,
P008583,,
P004009,,
P007167,,
P006875,,
P009023,,
P008559,,
P003559,,
P000818,,
P002938,,
P010407,,
P002991,,
P000833,,
P009959,,
P001068,,
P010398,,
P004318,,
P002140,,
P009044,,
P006636,,
P007682,,
P003860,,
P001995,,
P000931,,
P000914,,
P006943,,
P007493,,
P006153,,
P004938,,
P005810,,
P005441,,
P003112,,
P000400,,
P004558,,
P002092,,
P008065,,
P000928,,
P003560,,
P001725,,
P001658,,
P006188,,
P009958,,
P006009,,
P000918,,
P002930,,
P001744,,
P003558,,
P004552,,
P002143,,
P000376,,
P002331,,
P008974,,
P006504,,
P004195,,
P008133,,
P002327,,
P000285,,
P001718,,
P001963,,
P006442,,
P006924,,
P092276,,
P174095,,
P174094,,
P174019,,
P174017,,
P174002,,
P173981,,
P173952,,
P173885,,
P173866,,
P173852,,
P173848,,
P173754,,
P173702,,
P173687,,
P173667,,
P173658,,
P173642,,
P173638,,
P173632,,
P173572,,
P173567,,
P173559,,
P173548,,
P173544,,
P173540,,
P173538,,
P173531,,
P173509,,
P173505,,
P173504,,
P173503,,
P173487,,
P173480,,
P173433,,
P173425,,
P173398,,
P173385,,
P173379,,
P173362,,
P173337,,
P173331,,
P173325,,
P173297,,
P173296,,
P173255,,
P173235,,
P173227,,
P173218,,
P173197,,
P173189,,
P173175,,
P173174,,
P173171,,
P173155,,
P173098,,
P173071,,
P173070,,
P173061,,
P173060,,
P173043,,
P172982,,
P172941,,
P172866,,
P172850,,
P172769,,
P172756,,
P172755,,
P172744,,
P172696,,
P172673,,
P172592,,
P172579,,
P172576,,
P172508,,
P172497,,
P172490,,
P172488,,
P172486,,
P172460,,
P172412,,
P172378,,
P172224,,
P172191,,
P172187,,
P172163,,
P172147,,
P172140,,
P172138,,
P172129,,
P172095,,
P172025,,
P171987,,
P171776,,
P171757,,
P171731,,
P171730,,
P171727,,
P171626,,
P171623,,
P171613,,
P171561,,
P171518,,
P171507,,
P171469,,
P171462,,
P171445,,
P171436,,
P171424,,
P171420,,
P171349,,
P171331,,
P171307,,
P171287,,
P171284,,
P171266,,
P171263,,
P171230,,
P171217,,
P171191,,
P171187,,
P171108,,
P171076,,
P171042,,
P171026,,
P171025,,
P170958,,
P170939,,
P170906,,
P170896,,
P170853,,
P170807,,
P170801,,
P170782,,
P170716,,
P170715,,
P170696,,
P170646,,
P170645,,
P170643,,
P170620,,
P170616,,
P170604,,
P170580,,
P170526,,
P170511,,
P170476,,
P170419,,
P170414,,
P170404,,
P170367,,
P170365,,
P170364,,
P170362,,
P170357,,
P170306,,
P170215,,
P170176,,
P170083,,
P170081,,
P170075,,
P170070,,
P170058,,
P170035,,
P169995,,
P169946,,
P169944,,
P169931,,
P169839,,
P169820,,
P169623,,
P169607,,
P169601,,
P169446,,
P169429,,
P169424,,
P169404,,
P169374,,
P169368,,
P169339,,
P169305,,
P169159,,
P169145,,
P169142,,
P169120,,
P169026,,
P169025,,
P169021,,
P168999,,
P168977,,
P168847,,
P168839,,
P168740,,
P168719,,
P168547,,
P168546,,
P168501,,
P168499,,
P168484,,
P168312,,
P168179,,
P168177,,
P168158,,
P168132,,
P168124,,
P168099,,
P168074,,
P168061,,
P168038,,
P168000,,
P167998,,
P167997,,
P167990,,
P167947,,
P167946,,
P167934,,
P167929,,
P167852,,
P167736,,
P167559,,
P167487,,
P167293,,
P167199,,
P167188,,
P167185,,
P167167,,
P167094,,
P166906,,
P166877,,
P166866,,
P166793,,
P166627,,
P166626,,
P166467,,
P166465,,
P166271,,
P166229,,
P166222,,
P166200,,
P166073,,
P166072,,
P165917,,
P165915,,
P165883,,
P165805,,
P165804,,
P165792,,
P165758,,
P165722,,
P165597,,
P165515,,
P165436,,
P165115,,
P165009,,
P164967,,
P164966,,
P164965,,
P164895,,
P164810,,
P164795,,
P164750,,
P164702,,
P164618,,
P164617,,
P164616,,
P164614,,
P164613,,
P164611,,
P164494,,
P164448,,
P164184,,
P164134,,
P164074,,
P164055,,
P164049,,
P164009,,
P164007,,
P163786,,
P163674,,
P163450,,
P163442,,
P163282,,
P163145,,
P163135,,
P163116,,
P163107,,
P163082,,
P163026,,
P162982,,
P162932,,
P162922,,
P162911,,
P162872,,
P162829,,
P162704,,
P162620,,
P162526,,
P162517,,
P162497,,
P162476,,
P162462,,
P162416,,
P162387,,
P162355,,
P162353,,
P162310,,
P162293,,
P162282,,
P162242,,
P162178,,
P162174,,
P162154,,
P162083,,
P162060,,
P162047,,
P162028,,
P162010,,
P162007,,
P161921,,
P161807,,
P161764,,
P161534,,
P161425,,
P161414,,
P161380,,
P161309,,
P161299,,
P161297,,
P161255,,
P161216,,
P161187,,
P161091,,
P161061,,
P161058,,
P160946,,
P160937,,
P160865,,
P160850,,
P160797,,
P160795,,
P160686,,
P160608,,
P160605,,
P160604,,
P160564,,
P160542,,
P160541,,
P160493,,
P160452,,
P160392,,
P160391,,
P160372,,
P160343,,
P160335,,
P160233,,
P160222,,
P160196,,
P160193,,
P160173,,
P160062,,
P160036,,
P160011,,
P160006,,
P159911,,
P159887,,
P159711,,
P159621,,
P159607,,
P159290,,
P159267,,
P159250,,
P158994,,
P158901,,
P158891,,
P158757,,
P158656,,
P158600,,
P158581,,
P158580,,
P158575,,
P158567,,
P158563,,
P158354,,
P158293,,
P158234,,
P158043,,
P157775,,
P157500,,
P157377,,
P157369,,
P157359,,
P157320,,
P157318,,
P156973,,
P156914,,
P156863,,
P156452,,
P156360,,
P156320,,
P156265,,
P156152,,
P156151,,
P156008,,
P155827,,
P155822,,
P155761,,
P155498,,
P155452,,
P155279,,
P155090,,
P154940,,
P154878,,
P154852,,
P154727,,
P154598,,
P154472,,
P154399,,
P154308,,
P154168,,
P154157,,
P154107,,
P153990,,
P153800,,
P153762,,
P153664,,
P153513,,
P153419,,
P153412,,
P153357,,
P153187,,
P153186,,
P153185,,
P153153,,
P153025,,
P152520,,
P152516,,
P152495,,
P152490,,
P152444,,
P152213,,
P152075,,
P151928,,
P151898,,
P151896,,
P151893,,
P151828,,
P151811,,
P151407,,
P151282,,
P150795,,
P150793,,
P150667,,
P149906,,
P149699,,
P149066,,
P148943,,
P148747,,
P148741,,
P148646,,
P148493,,
P148097,,
P147782,,
P147773,,
P147734,,
P147716,,
P147632,,
P147491,,
P147398,,
P147349,,
P147317,,
P147287,,
P147261,,
P147043,,
P146599,,
P146569,,
P146323,,
P146136,,
P146120,,
P146036,,
P145660,,
P145403,,
P145239,,
P145193,,
P145051,,
P145050,,
P144869,,
P144764,,
P144686,,
P144656,,
P144609,,
P144421,,
P144337,,
P144325,,
P144308,,
P144297,,
P144177,,
P144119,,
P144016,,
P143739,,
P143640,,
P143551,,
P143419,,
P143348,,
P133073,,
P132918,,
P132671,,
P132648,,
P132416,,
P132403,,
P132271,,
P132193,,
P131702,,
P131622,,
P131431,,
P131366,,
P131357,,
P131354,,
P131246,,
P130895,,
P130669,,
P130661,,
P130582,,
P130571,,
P130524,,
P130327,,
P130119,,
P129994,,
P129557,,
P129556,,
P129520,,
P129473,,
P129461,,
P129306,,
P129152,,
P128977,,
P128927,,
P128771,,
P128767,,
P128717,,
P128039,,
P127868,,
P127791,,
P127763,,
P127735,,
P127324,,
P127322,,
P127273,,
P127125,,
P126711,,
P126540,,
P126506,,
P126473,,
P126288,,
P126171,,
P126165,,
P126026,,
P126000,,
P125797,,
P125748,,
P125724,,
P125649,,
P125364,,
P125295,,
P124772,,
P124746,,
P124744,,
P124471,,
P124450,,
P124338,,
P124325,,
P124308,,
P124108,,
P123943,,
P123907,,
P123756,,
P123391,,
P123390,,
P122818,,
P122685,,
P122631,,
P122498,,
P122309,,
P122196,,
P121749,,
P121517,,
P121501,,
P120959,,
P120591,,
P120346,,
P120290,,
P119942,,
P119850,,
P119697,,
P119560,,
P119363,,
P119162,,
P119161,,
P118562,,
P118165,,
P117985,,
P117843,,
P117642,,
P117529,,
P117336,,
P117325,,
P117070,,
P116545,,
P116294,,
P116200,,
P115878,,
P115509,,
P115503,,
P115459,,
P115451,,
P115448,,
P115447,,
P115440,,
P115408,,
P115198,,
P115039,,
P114790,,
P114670,,
P114659,,
P114644,,
P114525,,
P114434,,
P114282,,
P114215,,
P114118,,
P114079,,
P113883,,
P113856,,
P113764,,
P113614,,
P113536,,
P113444,,
P112665,,
P112078,,
P112044,,
P112042,,
P112041,,
P112037,,
P111862,,
P111403,,
P111297,,
P111151,,
P111073,,
P111014,,
P110891,,
P110804,,
P110732,,
P110636,,
P110295,,
P110226,,
P110219,,
P110217,,
P110052,,
P110024,,
P109994,,
P109907,,
P109628,,
P109112,,
P109082,,
P108937,,
P108816,,
P108657,,
P108591,,
P108570,,
P107624,,
P107615,,
P107393,,
P107296,,
P106691,,
P106681,,
P106615,,
P106203,,
P106060,,
P105934,,
P105565,,
P104986,,
P104869,,
P104853,,
P104840,,
P104530,,
P104464,,
P104031,,
P103793,,
P103620,,
P103556,,
P103555,,
P103511,,
P102622,,
P102597,,
P102583,,
P102340,,
P102336,,
P102326,,
P102311,,
P101961,,
P101905,,
P101506,,
P101288,,
P101283,,
P101241,,
P101030,,
P100921,,
P100576,,
P100532,,
P099978,,
P099962,,
P099949,,
P099881,,
P099857,,
P099850,,
P099525,,
P099478,,
P098686,,
P098677,,
P098544,,
P098265,,
P098094,,
P097865,,
P097623,,
P097326,,
P097321,,
P097305,,
P097302,,
P097300,,
P097242,,
P097185,,
P097174,,
P097155,,
P097082,,
P096937,,
P096670,,
P096637,,
P096624,,
P096576,,
P096557,,
P096544,,
P096540,,
P096523,,
P096260,,
P095862,,
P095848,,
P095592,,
P095404,,
P095304,,
P094625,,
P094308,,
P094289,,
P094255,,
P094219,,
P094140,,
P094116,,
P094067,,
P094062,,
P093825,,
P093387,,
P093136,,
P093009,,
P092848,,
P092514,,
P091970,,
P091833,,
P091716,,
P091218,,
P091162,,
P091099,,
P091085,,
P091078,,
P090903,,
P090513,,
P090498,,
P090497,,
P090320,,
P090257,,
P089928,,
P089716,,
P089691,,
P089484,,
P089108,,
P088790,,
P088629,,
P088495,,
P088222,,
P087950,,
P087419,,
P087411,,
P087384,,
P087123,,
P087105,,
P086635,,
P086626,,
P086547,,
P086380,,
P086094,,
P085570,,
P085533,,
P084957,,
P084935,,
P084895,,
P084788,,
P084676,,
P084332,,
P084312,,
P084258,,
P084084,,
P083814,,
P083770,,
P083671,,
P083670,,
P083595,,
P083358,,
P083225,,
P082832,,
P082799,,
P082499,,
P082418,,
P082147,,
P082146,,
P082145,,
P081941,,
P081817,,
P081554,,
P081553,,
P081552,,
P081551,,
P081550,,
P081549,,
P081528,,
P081527,,
P081526,,
P081518,,
P081136,,
P081027,,
P081002,,
P080863,,
P080837,,
P080582,,
P080519,,
P080396,,
P080223,,
P080171,,
P080051,,
P080046,,
P079999,,
P079994,,
P079993,,
P079804,,
P079660,,
P079425,,
P079328,,
P079155,,
P079149,,
P079144,,
P078970,,
P078833,,
P078697,,
P078632,,
P078609,,
P078520,,
P078436,,
P078269,,
P078100,,
P077775,,
P077720,,
P077718,,
P077626,,
P077462,,
P077303,,
P076630,,
P076372,,
P075939,,
P075530,,
P075450,,
P075292,,
P075290,,
P075170,,
P075045,,
P075019,,
P075014,,
P074985,,
P074824,,
P074822,,
P074713,,
P074664,,
P074535,,
P074381,,
P074111,,
P074077,,
P074013,,
P073912,,
P073780,,
P073774,,
P073419,,
P073355,,
P072949,,
P072143,,
P071868,,
P071851,,
P071378,,
P071273,,
P070869,,
P070520,,
P070496,,
P069993,,
P069985,,
P069963,,
P069891,,
P069882,,
P069774,,
P068861,,
P068288,,
P068287,,
P068267,,
P067632,,
P067308,,
P067307,,
P067297,,
P067295,,
P067250,,
P067133,,
P067043,,
P066425,,
P064974,,
P064917,,
P062884,,
P059441,,
P055880,,
P055854,,
P055233,,
P053884,,
P053882,,
P053876,,
P053874,,
P053872,,
P053869,,
P053863,,
P053344,,
P050777,,
P050605,,
P042255,,
P040632,,
P038679,,
P035746,,
P033964,,
P019440,,
P015281,,
P007919,,
P006039,,
